8,search,cMKkTdmnNdGbi7qm
26,search,Ua9LJJcBr6UFA3c8
5,search,u0dEA4xKNevB7UXw
5,search,TBrjUmuuBfn4IBbN
7,search,rJ05RkmJT7qsnZRL
18,buy,x4aZ9ypkzH5Kfh66
8,search,ZwZXnk4KuROQrta4
7,book,T9kfVNjyJ28sbGDc
29,search,YOk0CQ6lny4Zvr5R
13,search,MeXXw64sNNyZCzZf
12,book,EUpyVrIw92aITyUn
27,search,5qV1HWXiXMMmVyGO
14,search,fDWF5iiYe4PmbTyv
20,search,BGg8Pi6mtB8WcAud
12,search,Gx1hFyfWgGxHtSVL
24,search,n6rEet1L2t5rbMFC
30,search,GYUOJVJHque9ILAS
10,search,nST8uWo15k7MGCrK
14,book,uZVoyMFLd0kRXxA6
8,search,m2Hw4KhdUBgysO8K
28,search,rTvi5ydsaEZqUEkD
29,search,YngipB9ZRhrbrNzi
12,book,M23OY7h0yaD5iAAQ
28,search,MGtuRss2sQUtDvU1
6,search,UQ3QV9PhOLmBA5vE
11,search,PzoJGkG5oXVOIh6l
19,search,rglPAMq4IGW1AK8F
15,search,pVnK2GMVLraMmsSY
27,search,4HKlECR5zriO24vi
5,search,iE5HmYd8oPWqqa1X
30,buy,bKfeFBXK315eNdDf
26,buy,PwwlGKBRyInqZVxV
19,search,uJmTLPoTMmqg4wLD
24,search,wmd2xlVzBdUR8gaP
26,search,xJIZiCxRXgnAnmhS
10,book,JPoY31FXIqLGg0Ny
6,buy,HwLRzbmep1UAF3QB
14,search,4Z50xPVmZHHYYj2K
11,search,ugEqKSOYEJ1er4PY
15,book,w0aiEmHWN6fWYMao
23,search,CyGnbUu6GQcoOYIK
22,book,b8bDkyP9o65yZQWR
29,search,bMnKDXZ9rhJ6OW65
21,search,cxinWak0BrZIxIae
29,search,hG8wI30ascPcyMLE
5,buy,mHnEiQrxmRBbJLbT
19,search,NjxnPRVzThO6a0z6
10,buy,bhHB6JT7steuCb5C
7,search,sy6iHjnxcYNzjd4V
17,search,e8EVA7JmDNHcPKWz
24,search,Gxp4uBxnC5LEw5Mf
24,search,QAHapwg883RLAUB6
7,search,Ku1W5wSQgaqASTF1
28,search,70h4LDiYS80p9n4h
30,search,MWCx8T2DGtIwYRgX
11,search,4yVgSVqkEExqNHNY
24,search,hoAzBYJMqRZX9dgV
29,search,R8M4Wz33pHrSatyj
27,search,GDax0A22LC5HJ7N8
16,search,VQUdnW88G9V8PKmn
8,search,WIZM2iI8LiIGwAl4
26,search,1fNzcPgSop80VKsU
11,search,ZFcp4EuNBKWcb2wZ
11,search,oSUx43yeZh5wrZXu
17,search,toNgG2KpodWvhrZ5
11,book,3BPmkujGHnjkgdEx
10,search,Jlq6Z157acohgpR7
21,search,24j7T1JsGNQFesfi
22,search,MsgmNhFXrfRVjiSp
16,search,466Gg9W2zvUUzQH4
8,search,PSRlZMXdhrnzwGqd
14,search,JUsyAH2kMjDyhFvI
30,search,C7b38LfrUwHtAJiA
6,book,ykDTIwbI8EicGIFG
16,buy,hoWXIGOfaoWwMMwK
12,search,DxXsSJtVD9YYskfO
7,search,Wd3SwFzi1GcYgYUK
25,search,KIukMvWoJeG8vWTn
19,search,4WW5B9aQc6nVAV1v
24,buy,X5BelHDfM7WNKlBC
7,search,l2rb4Bt81W0V5ip7
30,search,y5Fyq5i9tEl4UDHZ
7,search,Gt6bDHqeT7HXTV3P
11,search,smm7CpAbNwwowj9G
24,search,lnwmpCqV0nZhBxdU
7,search,XnLVvu8eiKwUamM8
24,search,AmQJZZOO03ZlKihW
22,search,xEMSHT1ws4WsZh24
26,search,u8Mjg4oQ8odC4SLs
8,search,vuhi7NybUBdwaLY2
8,search,Dgs32pYnOXkjycNM
11,search,yJQ1VtGJ4U6c6Tyt
13,book,MU7szFDoZ2LNQqZd
22,search,1BaDzQlM7FpWVirk
9,search,Au2EwFyul3oSP8Tg
24,search,cM2m0qt4BWyktXu4
14,search,d24U0QTGmTQvcvnr
14,search,cglOpxr8hKQRkWmR
14,search,mfPaNKprBQK37bV1
27,search,4YwPisiVMJaguDBo
